seed,condition,brain_version,train_total,test_steps,post_eats,post_eats_rate,post_danger,mb_w_final,elapsed
1,FULL_LESION_TEST,"V2+FlyEM(21728n,7p)",60000,8000,51,0.006375,4,1.1893731355667114,353.66717505455017
2,FULL_LESION_TEST,"V2+FlyEM(21728n,7p)",60000,8000,43,0.005375,11,1.1838231086730957,354.9402012825012
3,FULL_LESION_TEST,"V2+FlyEM(21728n,7p)",60000,8000,58,0.00725,12,1.1727737188339233,353.63656401634216
4,FULL_LESION_TEST,"V2+FlyEM(21728n,7p)",60000,8000,58,0.00725,15,1.1763286590576172,354.6556797027588
1,NAIVE_LESION,"V2+FlyEM(21728n,7p)",0,8000,71,0.008875,334,1.1180155277252197,37.69948935508728
2,NAIVE_LESION,"V2+FlyEM(21728n,7p)",0,8000,60,0.0075,263,1.1181327104568481,37.587141275405884
3,NAIVE_LESION,"V2+FlyEM(21728n,7p)",0,8000,43,0.005375,435,1.1262521743774414,37.46099376678467
4,NAIVE_LESION,"V2+FlyEM(21728n,7p)",0,8000,46,0.00575,161,1.1164257526397705,37.32102704048157
